{
  "version": "1.0",
  "updated_at": "2025-08-15T04:02:03.559519Z",
  "cors": {
    "allowlist": [],
    "allow_methods": [
      "GET",
      "POST",
      "OPTIONS"
    ],
    "allow_headers": [
      "Content-Type",
      "Authorization"
    ],
    "allow_credentials": false,
    "max_age_seconds": 600
  },
  "headers": {
    "contentSecurityPolicy": "default-src 'self'; script-src 'self'; style-src 'self' 'unsafe-inline'; img-src 'self' data:; connect-src 'self'; frame-ancestors 'none'",
    "referrerPolicy": "no-referrer",
    "frameAncestors": "'none'",
    "xContentTypeOptions": "nosniff",
    "xFrameOptions": "DENY",
    "strictTransportSecurity": "max-age=31536000; includeSubDomains; preload",
    "permissionsPolicy": "geolocation=(), microphone=(), camera=(), usb=()"
  },
  "rate_limit": {
    "window_ms": 60000,
    "max_per_ip": 60,
    "burst": 20,
    "per_tenant_defaults": {
      "window_ms": 60000,
      "max": 120
    }
  },
  "logging": {
    "redact_pii": true
  }
}